{"Episode/rew_action_rate": -0.08755066990852356, "_timestamp": 1698882533.1963756, "_runtime": 83.4777204990387, "_step": 73, "_wandb": {"runtime": 82}, "Episode/rew_ang_vel_xy": -0.16642919182777405, "Episode/rew_collision": -0.02878076210618019, "Episode/rew_dof_acc": -0.0784500390291214, "Episode/rew_dof_pos_limits": -0.0013229520991444588, "Episode/rew_feet_air_time": -0.046122755855321884, "Episode/rew_lin_vel_z": -0.047358326613903046, "Episode/rew_torques": -0.029807835817337036, "Episode/rew_tracking_ang_vel": 0.12634775042533875, "Episode/rew_tracking_lin_vel": 0.1678411364555359, "Loss/value_function": 0.0015537863364443183, "Loss/surrogate": -0.0011821399675682187, "Loss/learning_rate": 0.00038443360244855285, "Policy/mean_noise_std": 0.7765833139419556, "Perf/total_fps": 111490.0, "Perf/collection time": 0.6454849243164062, "Perf/learning_time": 0.23623895645141602, "Train/mean_reward": 1.3495784997940063, "Train/mean_episode_length": 598.4500122070312}