{"Episode/rew_action_rate": -0.10900144279003143, "_timestamp": 1698879886.7707248, "_runtime": 74.92398166656494, "_step": 61, "_wandb": {"runtime": 74}, "Episode/rew_ang_vel_xy": -0.21066677570343018, "Episode/rew_collision": -0.04214358329772949, "Episode/rew_dof_acc": -0.09957343339920044, "Episode/rew_dof_pos_limits": -0.0007647767197340727, "Episode/rew_feet_air_time": -0.05431446060538292, "Episode/rew_lin_vel_z": -0.05236358568072319, "Episode/rew_torques": -0.03666552156209946, "Episode/rew_tracking_ang_vel": 0.12408359348773956, "Episode/rew_tracking_lin_vel": 0.19572049379348755, "Loss/value_function": 0.001090335426852107, "Loss/surrogate": -0.0020667577628046274, "Loss/learning_rate": 0.00038443360244855285, "Policy/mean_noise_std": 0.7841927409172058, "Perf/total_fps": 104037.0, "Perf/collection time": 0.7073850631713867, "Perf/learning_time": 0.2375040054321289, "Train/mean_reward": 1.5252246856689453, "Train/mean_episode_length": 697.77001953125, "Train/mean_reward/time": 1.5252246856689453, "Train/mean_episode_length/time": 697.77001953125}