{"Episode/rew_action_rate": -0.10019207000732422, "_timestamp": 1699293588.9072447, "_runtime": 60.40471363067627, "_step": 54, "_wandb": {"runtime": 59}, "Episode/rew_ang_vel_xy": -0.20304274559020996, "Episode/rew_collision": -0.05002949759364128, "Episode/rew_dof_acc": -0.09534797072410583, "Episode/rew_dof_pos_limits": -0.0003923323820345104, "Episode/rew_feet_air_time": -0.04895193502306938, "Episode/rew_lin_vel_z": -0.051999323070049286, "Episode/rew_torques": -0.033362358808517456, "Episode/rew_tracking_ang_vel": 0.0984794944524765, "Episode/rew_tracking_lin_vel": 0.16558894515037537, "Loss/value_function": 0.0010671118507161736, "Loss/surrogate": -0.00445200502872467, "Loss/learning_rate": 0.0008649755618534982, "Policy/mean_noise_std": 0.8009523153305054, "Perf/total_fps": 122898.0, "Perf/collection time": 0.5757215023040771, "Perf/learning_time": 0.22416090965270996, "Train/mean_reward": 0.8746286034584045, "Train/mean_episode_length": 595.6099853515625}