{"Episode/rew_action_rate": -0.10013408958911896, "_timestamp": 1699293495.4597168, "_runtime": 75.10748982429504, "_step": 69, "_wandb": {"runtime": 74}, "Episode/rew_ang_vel_xy": -0.18907734751701355, "Episode/rew_collision": -0.032617777585983276, "Episode/rew_dof_acc": -0.08949556201696396, "Episode/rew_dof_pos_limits": -0.0009582084603607655, "Episode/rew_feet_air_time": -0.05394595488905907, "Episode/rew_lin_vel_z": -0.049000464379787445, "Episode/rew_torques": -0.03432419151067734, "Episode/rew_tracking_ang_vel": 0.13398607075214386, "Episode/rew_tracking_lin_vel": 0.1680162400007248, "Loss/value_function": 0.0014721478801220655, "Loss/surrogate": -0.0048423041589558125, "Loss/learning_rate": 0.0005766503745689988, "Policy/mean_noise_std": 0.7798538208007812, "Perf/total_fps": 111411.0, "Perf/collection time": 0.6340489387512207, "Perf/learning_time": 0.24830269813537598, "Train/mean_reward": 1.2240513563156128, "Train/mean_episode_length": 633.3800048828125}