{"Episode/rew_action_rate": [[0, -0.002982970094308257], [1, -0.008617255836725235], [2, -0.014281772077083588]], "Episode/rew_ang_vel_xy": [[0, -0.007109945174306631], [1, -0.02431752346456051], [2, -0.043266795575618744]], "Episode/rew_collision": [[0, -1.7361111531499773e-05], [1, -0.0007369543891400099], [2, -0.006280586123466492]], "Episode/rew_dof_acc": [[0, -0.005090454127639532], [1, -0.012556483969092369], [2, -0.020725928246974945]], "Episode/rew_dof_pos_limits": [[0, -1.046105899149552e-05], [1, -7.006354280747473e-05], [2, -0.00019703000725712627]], "Episode/rew_feet_air_time": [[0, -0.0011702709598466754], [1, -0.0031919139437377453], [2, -0.004591535311192274]], "Episode/rew_lin_vel_z": [[0, -0.018501844257116318], [1, -0.029767736792564392], [2, -0.0371948704123497]], "Episode/rew_torques": [[0, -0.0009512853575870395], [1, -0.0027018296532332897], [2, -0.004179760348051786]], "Episode/rew_tracking_ang_vel": [[0, 0.0019274296937510371], [1, 0.005162918008863926], [2, 0.008707981556653976]], "Episode/rew_tracking_lin_vel": [[0, 0.0026528318412601948], [1, 0.006472616456449032], [2, 0.012581969611346722]], "Loss/value_function": [[0, 0.25328490138053894], [1, 0.0030896547250449657], [2, 0.0016176801873371005]], "Loss/surrogate": [[0, 0.14589670300483704], [1, 0.005390573758631945], [2, 0.0014711701078340411]], "Loss/learning_rate": [[0, 9.999999747378752e-06], [1, 9.999999747378752e-06], [2, 0.0002562890585977584]], "Policy/mean_noise_std": [[0, 1.002976655960083], [1, 1.003247857093811], [2, 1.0043985843658447]], "Perf/total_fps": [[0, 30232.0], [1, 118567.0], [2, 119417.0]], "Perf/collection time": [[0, 3.022789716720581], [1, 0.6073200702667236], [2, 0.5968770980834961]], "Perf/learning_time": [[0, 0.228804349899292], [1, 0.22177505493164062], [2, 0.22632169723510742]], "Train/mean_reward": [[0, 0.0008391429437324405], [1, 0.005467118229717016], [2, 0.014883004128932953]], "Train/mean_episode_length": [[0, 12.479166984558105], [1, 41.189998626708984], [2, 66.05000305175781]], "Train/mean_reward/time": [[3, 0.0008391429437324405], [4, 0.005467118229717016], [4, 0.014883004128932953]], "Train/mean_episode_length/time": [[3, 12.479166984558105], [4, 41.189998626708984], [4, 66.05000305175781]], "_timestamp": 1699294898.3727214, "_runtime": 16.167521476745605, "_step": 0, "_wandb": {"runtime": 15}}