{"Episode/rew_action_rate": [53, -0.09925131499767303], "Episode/rew_ang_vel_xy": [53, -0.20168255269527435], "Episode/rew_collision": [53, -0.05097746476531029], "Episode/rew_dof_acc": [53, -0.09584209322929382], "Episode/rew_dof_pos_limits": [53, -0.000456763431429863], "Episode/rew_feet_air_time": [53, -0.0470670722424984], "Episode/rew_lin_vel_z": [53, -0.050331320613622665], "Episode/rew_torques": [53, -0.032989535480737686], "Episode/rew_tracking_ang_vel": [53, 0.09483073651790619], "Episode/rew_tracking_lin_vel": [53, 0.17219257354736328], "Loss/value_function": [53, 0.0012847216567024589], "Loss/surrogate": [53, -0.0007356911664828658], "Loss/learning_rate": [53, 0.0005766503745689988], "Policy/mean_noise_std": [53, 0.8036848902702332], "Perf/total_fps": [53, 119605.0], "Perf/collection time": [53, 0.5968692302703857], "Perf/learning_time": [53, 0.22503066062927246], "Train/mean_reward": [53, 0.6857051849365234], "Train/mean_episode_length": [53, 539.8400268554688], "Train/mean_reward/time": [46, 0.6857051849365234], "Train/mean_episode_length/time": [46, 539.8400268554688], "_timestamp": 1699296838.8491735, "_runtime": 61.40634346008301, "_step": 53, "_wandb": {"runtime": 60}}