{"Episode/rew_action_rate": -0.08822391927242279, "_timestamp": 1698879971.3175356, "_runtime": 77.8383617401123, "_step": 56, "_wandb": {"runtime": 75}, "Episode/rew_ang_vel_xy": -0.18229389190673828, "Episode/rew_collision": -0.03500652313232422, "Episode/rew_dof_acc": -0.08358987420797348, "Episode/rew_dof_pos_limits": -0.00044988509034737945, "Episode/rew_feet_air_time": -0.04547255486249924, "Episode/rew_lin_vel_z": -0.04586965963244438, "Episode/rew_torques": -0.029582014307379723, "Episode/rew_tracking_ang_vel": 0.09235336631536484, "Episode/rew_tracking_lin_vel": 0.14358964562416077, "Loss/value_function": 0.0008878606022335589, "Loss/surrogate": -0.00070002960273996, "Loss/learning_rate": 0.0008649755618534982, "Policy/mean_noise_std": 0.801264762878418, "Perf/total_fps": 107989.0, "Perf/collection time": 0.6646275520324707, "Perf/learning_time": 0.2456834316253662, "Train/mean_reward": 0.7073826193809509, "Train/mean_episode_length": 536.5599975585938, "Train/mean_reward/time": 0.7073826193809509, "Train/mean_episode_length/time": 536.5599975585938}